time,proto,sip,sport,dip,dport,from,to,subject
2017/11/25 3:00,,10.1.4.17,5328,10.5.71.60,25,notice@hightech.com,allstaff@hightech.com,[System Maintenance Notice]
2017/11/25 3:00,,10.1.4.17,2395,10.5.71.60,25,notice@hightech.com,allstaff@hightech.com,[System Maintenance Notice]
2017/11/25 3:00,,10.1.4.17,3223,10.5.71.60,25,notice@hightech.com,allstaff@hightech.com,[System Maintenance Notice]
2017/11/25 3:00,,10.1.4.17,4600,10.5.71.60,25,notice@hightech.com,allstaff@hightech.com,[System Maintenance Notice]
2017/11/25 3:00,,10.1.4.17,2692,10.5.71.60,25,notice@hightech.com,allstaff@hightech.com,[System Maintenance Notice]
2017/11/25 3:00,,10.1.4.17,5423,10.5.71.60,25,notice@hightech.com,allstaff@hightech.com,[System Maintenance Notice]
2017/11/25 3:00,,10.1.4.17,2844,10.5.71.60,25,notice@hightech.com,allstaff@hightech.com,[System Maintenance Notice]
2017/11/25 3:00,smtp,10.1.4.17,49195,10.5.71.60,25,kaoqin@hightech.com,1297@hightech.com,Late
2017/11/25 3:00,smtp,10.1.4.17,49183,10.5.71.60,25,kaoqin@hightech.com,1440@hightech.com,Late
2017/11/25 3:00,smtp,10.1.4.17,49228,10.5.71.60,25,kaoqin@hightech.com,1170@hightech.com,Late
2017/11/25 3:00,smtp,10.1.4.17,49221,10.5.71.60,25,kaoqin@hightech.com,1060@hightech.com,Late
2017/11/25 3:00,smtp,10.1.4.17,49215,10.5.71.60,25,kaoqin@hightech.com,1007@hightech.com,Absent
2017/11/25 3:00,smtp,10.1.4.17,49194,10.5.71.60,25,kaoqin@hightech.com,1013@hightech.com,Late
2017/11/25 4:00,smtp,10.1.4.17,49204,10.5.71.60,25,kaoqin@hightech.com,1067@hightech.com,Absent
2017/11/25 4:00,smtp,10.1.4.17,49227,10.5.71.60,25,kaoqin@hightech.com,1444@hightech.com,Absent
2017/11/25 4:00,smtp,10.1.4.17,49191,10.5.71.60,25,kaoqin@hightech.com,1330@hightech.com,Late
2017/11/25 4:00,smtp,10.1.4.17,49175,10.5.71.60,25,kaoqin@hightech.com,1231@hightech.com,Late
2017/11/25 4:00,smtp,10.1.4.17,49208,10.5.71.60,25,kaoqin@hightech.com,1224@hightech.com,Absent
2017/11/25 4:00,smtp,10.1.4.17,49204,10.5.71.60,25,kaoqin@hightech.com,1199@hightech.com,Late
2017/11/25 4:00,smtp,10.1.4.17,49171,10.5.71.60,25,kaoqin@hightech.com,1434@hightech.com,Late
2017/11/25 4:00,smtp,10.1.4.17,49226,10.5.71.60,25,kaoqin@hightech.com,1149@hightech.com,Late
2017/11/25 4:00,smtp,10.1.4.17,49204,10.5.71.60,25,kaoqin@hightech.com,1080@hightech.com,Late
2017/11/25 4:00,smtp,10.1.4.17,49207,10.5.71.60,25,kaoqin@hightech.com,1041@hightech.com,Absent
2017/11/25 9:20,smtp,10.116.216.71,2500,10.5.71.60,25,work@hightech.com,1087@hightech.com,[RECOVER:257]HOST_5XX70e901255a3b28594c4b5adc0378eaab
2017/11/25 9:20,smtp,10.116.216.71,1555,10.5.71.60,25,work@hightech.com,1092@hightech.com,[ALARM:896]HOST_5XX2f32909f5a56795f6f683f434e858400
2017/11/25 9:22,smtp,10.64.105.215,1560,10.5.71.60,25,1346@hightech.com,1041@hightech.com;1368@hightech.com;1347@hightech.com;1255@hightech.com;1248@hightech.com;1327@hightech.com;1439@hightech.com;1137@hightech.com;1370@hightech.com;1467@hightech.com;1226@hightech.com;1369@hightech.com;1186@hightech.com;1213@hightech.com;1451@hightech.com;1124@hightech.com;1431@hightech.com;1293@hightech.com;1253@hightech.com;1342@hightech.com;1498@hightech.com;1108@hightech.com;1180@hightech.com,Cost Control
2017/11/25 9:23,smtp,10.116.216.71,2445,10.5.71.60,25,work@hightech.com,1092@hightech.com,[ALARM:934]HOST_5XX9f07caa76e0dbcc71704bdea33dd6426
2017/11/25 9:23,smtp,10.116.216.71,2189,10.5.71.60,25,work@hightech.com,1092@hightech.com,[ALARM:488]HOST_5XXa3bce24dce0d2a2acb70dc6280d24fc5
2017/11/25 9:25,smtp,10.116.216.71,2553,10.5.71.60,25,work@hightech.com,1092@hightech.com,[ALARM:399]HOST_5XX8d49a060fd212f239d796fa7bc0f23c7
2017/11/25 9:26,smtp,10.116.216.71,2149,10.5.71.60,25,work@hightech.com,1087@hightech.com,[ALARM:1286]HOST_5XX19aa03d50872e1d1691298bc10de456a
2017/11/25 9:27,smtp,222.185.184.72,60277,10.5.71.60,25,6eb1d7582b95f2d099f2c7d05f2d0a33@qq.com,1057@hightech.com,王润樵wangrunqiao≮澳T新葡京116498ccom－]约此38－@@：778684162群：512137592六盒49洹000000000
2017/11/25 9:32,smtp,125.112.225.185,50819,10.5.71.60,25,66dabf63f1108d7ef5c82cd6bb9216b8@qq.com,1087@hightech.com,陈艳chenyan≮期待您的加入×澳T新葡京116498ccom－]约此38－@@：778741365群：512137592≯a0000000000000
2017/11/25 9:32,smtp,10.116.216.72,2387,10.5.71.60,25,ti@hightech.net,1060@hightech.com,Internet Asset Monitoring and Alarm
2017/11/25 9:33,smtp,10.64.105.29,1826,10.5.71.60,25,1451@hightech.com,1041@hightech.com;1368@hightech.com;1347@hightech.com;1255@hightech.com;1248@hightech.com;1327@hightech.com;1439@hightech.com;1137@hightech.com;1370@hightech.com;1467@hightech.com;1226@hightech.com;1369@hightech.com;1186@hightech.com;1213@hightech.com;1124@hightech.com;1431@hightech.com;1293@hightech.com;1253@hightech.com;1342@hightech.com;1498@hightech.com;1108@hightech.com;1180@hightech.com;1346@hightech.com,Cost Control
2017/11/25 9:33,smtp,10.116.216.71,1873,10.5.71.60,25,work@hightech.com,1092@hightech.com,[RECOVER:517]HOST_5XXccaad1ca2a8254ed49dd606e671d0bef
2017/11/25 9:33,smtp,10.116.216.71,1567,10.5.71.60,25,work@hightech.com,1092@hightech.com,[ALARM:1416]HOST_5XX19aa03d50872e1d1691298bc10de456a
2017/11/25 9:33,smtp,10.116.216.71,2192,10.5.71.60,25,work@hightech.com,1092@hightech.com,[ALARM:1142]HOST_5XX86f5ba7c4d75d6516bd1867f1a88f98e
2017/11/25 9:35,smtp,10.116.216.72,2214,10.5.71.60,25,ti@hightech.net,1060@hightech.com,Internet Asset Monitoring and Alarm
2017/11/25 9:35,smtp,10.64.105.231,2271,10.5.71.60,25,1213@hightech.com,1425@hightech.com,Financial Reporting
2017/11/25 9:36,smtp,10.116.216.71,2568,10.5.71.60,25,work@hightech.com,1092@hightech.com,[RECOVER:134]HOST_5XXac8873a555701b6920e67f380042ec36
2017/11/25 9:37,smtp,10.64.106.8,2434,10.5.71.60,25,1312@hightech.com,dc16e37075a9a7b24797c547de452765@sohu.com,"Recruitment Notice(Please reply to the email If you accept, thanks! )"
2017/11/25 9:38,smtp,10.64.106.23,1558,10.5.71.60,25,1248@hightech.com,1041@hightech.com,Work Report
2017/11/25 9:38,smtp,10.116.216.71,2496,10.5.71.60,25,work@hightech.com,1092@hightech.com,[RECOVER:488]HOST_5XX74418bed35a4841ce2a1fc37a09a0d7f
2017/11/25 9:39,smtp,10.116.216.72,2029,10.5.71.60,25,ti@hightech.net,1060@hightech.com,Internet Asset Monitoring and Alarm
2017/11/25 9:39,smtp,10.64.106.30,2625,10.5.71.60,25,1137@hightech.com,1041@hightech.com;1368@hightech.com;1347@hightech.com;1255@hightech.com;1248@hightech.com;1327@hightech.com;1439@hightech.com;1370@hightech.com;1467@hightech.com;1226@hightech.com;1369@hightech.com;1186@hightech.com;1213@hightech.com;1451@hightech.com;1124@hightech.com;1431@hightech.com;1293@hightech.com;1253@hightech.com;1342@hightech.com;1498@hightech.com;1108@hightech.com;1180@hightech.com;1346@hightech.com,Accounting
2017/11/25 9:41,smtp,10.116.216.72,2504,10.5.71.60,25,ti@hightech.net,1060@hightech.com,Internet Asset Monitoring and Alarm
2017/11/25 9:41,smtp,10.116.216.73,1933,10.5.71.60,25,smail@hightech.com,1060@hightech.com;1098@hightech.com;1100@hightech.com;1154@hightech.com;1191@hightech.com;1207@hightech.com;1209@hightech.com,Security Mail Crash
2017/11/25 9:41,smtp,10.116.216.72,2163,10.5.71.60,25,ti@hightech.net,1060@hightech.com,Internet Asset Monitoring and Alarm
2017/11/25 9:42,smtp,10.116.216.71,2519,10.5.71.60,25,work@hightech.com,1092@hightech.com,[RECOVER:4]HOST_5XX19aa03d50872e1d1691298bc10de456a
2017/11/25 9:43,smtp,10.116.216.71,1746,10.5.71.60,25,work@hightech.com,1092@hightech.com,[ALARM:75]HOST_5XX2722d99e2c9a200585efe8c102706418
2017/11/25 9:43,smtp,10.116.216.71,2157,10.5.71.60,25,work@hightech.com,1092@hightech.com,[RECOVER:801]HOST_5XXdd8c74e0ad2c6090b041ee0e30ffaf32
2017/11/25 9:44,smtp,10.116.216.71,1897,10.5.71.60,25,work@hightech.com,1092@hightech.com,[ALARM:241]HOST_5XX19aa03d50872e1d1691298bc10de456a
2017/11/25 9:45,smtp,10.116.216.71,2208,10.5.71.60,25,work@hightech.com,1087@hightech.com,[ALARM:1056]HOST_5XX124c7fec24829c8ebd7c4ea7528f81f0
2017/11/25 9:47,smtp,10.116.216.72,2187,10.5.71.60,25,ti@hightech.net,1060@hightech.com,Internet Asset Monitoring and Alarm
2017/11/25 9:48,smtp,163.177.72.176,2420,10.5.71.60,25,82133a6360cee00df576058035daca92@qq.com,1378@hightech.com,Personal Resume
2017/11/25 9:48,smtp,10.116.216.71,2513,10.5.71.60,25,work@hightech.com,1087@hightech.com,[ALARM:1420]HOST_5XX1149cfff5b8902d48927ab23312d57ce
2017/11/25 9:50,smtp,10.116.216.71,2423,10.5.71.60,25,work@hightech.com,1092@hightech.com,[ALARM:127]HOST_5XXa3bce24dce0d2a2acb70dc6280d24fc5
2017/11/25 9:50,smtp,10.116.216.71,2626,10.5.71.60,25,work@hightech.com,1092@hightech.com,[ALARM:1275]HOST_5XX240a5c76f455e0dbf32574e17e843ff1
2017/11/25 9:50,smtp,10.64.105.43,2399,10.5.71.60,25,1124@hightech.com,1041@hightech.com,Work Report
2017/11/25 9:51,smtp,10.116.216.71,2556,10.5.71.60,25,work@hightech.com,1087@hightech.com,[RECOVER:968]HOST_5XX651264cdc633b63b44c672790e640c5b
2017/11/25 9:52,smtp,10.116.216.71,1825,10.5.71.60,25,work@hightech.com,1092@hightech.com,[ALARM:560]HOST_5XX0149534eb89497e269fe6b8910f9fffc
2017/11/25 9:53,smtp,10.116.216.72,1562,10.5.71.60,25,ti@hightech.net,1060@hightech.com,Internet Asset Monitoring and Alarm
2017/11/25 9:53,smtp,10.116.216.72,1563,10.5.71.60,25,ti@hightech.net,1060@hightech.com,Internet Asset Monitoring and Alarm
2017/11/25 9:53,smtp,10.64.105.8,2712,10.5.71.60,25,1108@hightech.com,1041@hightech.com;1368@hightech.com;1347@hightech.com;1255@hightech.com;1248@hightech.com;1327@hightech.com;1439@hightech.com;1137@hightech.com;1370@hightech.com;1467@hightech.com;1226@hightech.com;1369@hightech.com;1186@hightech.com;1213@hightech.com;1451@hightech.com;1124@hightech.com;1431@hightech.com;1293@hightech.com;1253@hightech.com;1342@hightech.com;1498@hightech.com;1180@hightech.com;1346@hightech.com,Cost Control
2017/11/25 9:54,smtp,10.116.216.71,1741,10.5.71.60,25,work@hightech.com,1087@hightech.com,[ALARM:51]HOST_5XX25c516b4b35367887dae94e30ff6716e
2017/11/25 9:55,smtp,10.116.216.71,2165,10.5.71.60,25,work@hightech.com,1092@hightech.com,[ALARM:709]HOST_5XX735d2cfd7e47b36a237fe89c3f99e19e
2017/11/25 9:55,smtp,10.116.216.71,2265,10.5.71.60,25,work@hightech.com,1092@hightech.com,[RECOVER:814]HOST_5XX489222b608ec48dff6b9c711ce71f24f
2017/11/25 9:56,smtp,10.116.216.73,2161,10.5.71.60,25,smail@hightech.com,1060@hightech.com;1098@hightech.com;1100@hightech.com;1154@hightech.com;1191@hightech.com;1207@hightech.com;1209@hightech.com,Security Mail Crash
2017/11/25 9:56,smtp,10.116.216.71,2047,10.5.71.60,25,work@hightech.com,1092@hightech.com,[ALARM:1309]HOST_5XXbb4550e7303d92e2d051cf179348449a
2017/11/25 9:57,smtp,10.116.216.73,2501,10.5.71.60,25,smail@hightech.com,1060@hightech.com;1098@hightech.com;1100@hightech.com;1154@hightech.com;1191@hightech.com;1207@hightech.com;1209@hightech.com,Security Mail Crash
2017/11/25 9:58,smtp,10.116.216.71,2437,10.5.71.60,25,work@hightech.com,1087@hightech.com,[RECOVER:968]HOST_5XX939452fcbb7b521f2664c4d4606455dc
2017/11/25 9:58,smtp,10.116.216.71,1863,10.5.71.60,25,work@hightech.com,1087@hightech.com,[RECOVER:761]HOST_5XX5a8d81df14d7a3e0faef71bbbb4d28e9
2017/11/25 9:58,smtp,10.64.106.16,2214,10.5.71.60,25,1347@hightech.com,1142@hightech.com,Financial Reporting
2017/11/25 9:59,smtp,10.116.216.73,2501,10.5.71.60,25,smail@hightech.com,1060@hightech.com;1098@hightech.com;1100@hightech.com;1154@hightech.com;1191@hightech.com;1207@hightech.com;1209@hightech.com,Security Mail Crash
2017/11/25 10:12,smtp,10.116.216.71,2165,10.5.71.60,25,work@hightech.com,1087@hightech.com,[ALARM:639]HOST_5XX1a81f35aea74e68d3e691f06178a9837
2017/11/25 10:14,smtp,10.116.216.71,1824,10.5.71.60,25,work@hightech.com,1087@hightech.com,[RECOVER:374]HOST_5XX54523c59f2520cc7560faf6ca3678c00
2017/11/25 10:14,smtp,10.116.216.71,2498,10.5.71.60,25,work@hightech.com,1087@hightech.com,[ALARM:766]HOST_5XXe6b2ac65cac46a13070ae1314bbef049
2017/11/25 10:15,smtp,10.116.216.71,1544,10.5.71.60,25,work@hightech.com,1092@hightech.com,[ALARM:233]HOST_5XXe49667dc1b52440cbd92b2c8726c1eee
2017/11/25 10:15,smtp,10.64.105.12,2035,10.5.71.60,25,1342@hightech.com,1041@hightech.com;1368@hightech.com;1347@hightech.com;1255@hightech.com;1248@hightech.com;1327@hightech.com;1439@hightech.com;1137@hightech.com;1370@hightech.com;1467@hightech.com;1226@hightech.com;1369@hightech.com;1186@hightech.com;1213@hightech.com;1451@hightech.com;1124@hightech.com;1431@hightech.com;1293@hightech.com;1253@hightech.com;1498@hightech.com;1108@hightech.com;1180@hightech.com;1346@hightech.com,Funding
2017/11/25 10:15,smtp,60.182.73.177,55491,10.5.71.60,25,7a545981f4d57840be669f6244d33bfd@qq.com,1125@hightech.com,000000000〈38元t苞已槟添加ˉt包大@@：778684162群：512137592ˉ期待您的加入ˉ澳T新葡京〉管类加工
2017/11/25 10:17,smtp,125.117.51.204,57666,10.5.71.60,25,d7fc1b193c701d1189f8e4d188927d41@qq.com,1060@hightech.com,吴佳≤澳T新葡京116498ccom精寿Y料＜一a中特＞]约此38｜@@：778741365｜≥飞烟五侯宅
2017/11/25 10:17,smtp,10.64.105.205,2150,10.5.71.60,25,1255@hightech.com,1041@hightech.com;1368@hightech.com;1347@hightech.com;1248@hightech.com;1327@hightech.com;1439@hightech.com;1137@hightech.com;1370@hightech.com;1467@hightech.com;1226@hightech.com;1369@hightech.com;1186@hightech.com;1213@hightech.com;1451@hightech.com;1124@hightech.com;1431@hightech.com;1293@hightech.com;1253@hightech.com;1342@hightech.com;1498@hightech.com;1108@hightech.com;1180@hightech.com;1346@hightech.com,Cost Control
2017/11/25 10:20,smtp,10.64.105.43,2387,10.5.71.60,25,1124@hightech.com,1041@hightech.com;1368@hightech.com;1347@hightech.com;1255@hightech.com;1248@hightech.com;1327@hightech.com;1439@hightech.com;1137@hightech.com;1370@hightech.com;1467@hightech.com;1226@hightech.com;1369@hightech.com;1186@hightech.com;1213@hightech.com;1451@hightech.com;1431@hightech.com;1293@hightech.com;1253@hightech.com;1342@hightech.com;1498@hightech.com;1108@hightech.com;1180@hightech.com;1346@hightech.com,Financial Analysis
2017/11/25 10:20,smtp,10.116.216.71,2505,10.5.71.60,25,work@hightech.com,1092@hightech.com,[ALARM:508]HOST_5XX07108b69695718f63582468fcdbe2a15
2017/11/25 10:20,smtp,10.116.216.72,2417,10.5.71.60,25,ti@hightech.net,1060@hightech.com,Internet Asset Monitoring and Alarm
2017/11/25 10:22,smtp,10.116.216.71,1861,10.5.71.60,25,work@hightech.com,1092@hightech.com,[ALARM:112]HOST_5XX40b41319c16d3f0f4cfd632e77a78377
2017/11/25 10:23,smtp,222.189.244.116,50017,10.5.71.60,25,d89a241f1ebbc6aefd9796a4f6cd45eb@qq.com,1207@hightech.com,轴类加工[新葡京--38元t苞已槟添加--t包大@@：778684162六盒49洹-成TI工Y]<div>软件错误</div><div>礁垮网礼苦帐郁差删早着租意式罢毫清掺</div><p>（2）宝寿和尚――一日，街头见两人交争，挥一拳曰：“你得恁么无面目！”师当</p>
2017/11/25 10:25,smtp,10.116.216.72,1826,10.5.71.60,25,ti@hightech.net,1060@hightech.com,Internet Asset Monitoring and Alarm
2017/11/25 10:26,smtp,125.112.225.185,58715,10.5.71.60,25,577beb8656551290846fd82ff9299c97@qq.com,1125@hightech.com,苏堤尽日风和雨≮澳T新葡京116498ccom－]约此38－@@：778741365群：252647499rr9.88洹a爱说南朝狂客
2017/11/25 10:26,smtp,10.116.216.71,2505,10.5.71.60,25,work@hightech.com,1087@hightech.com,[RECOVER:1067]HOST_5XXa9cb7a035a5f6fe7f00b36fa0ee9d193
2017/11/25 10:28,smtp,10.116.216.71,1662,10.5.71.60,25,work@hightech.com,1092@hightech.com,[RECOVER:108]HOST_5XX60a1a4112e7afb24a1e7bc2f2f449db2
2017/11/25 10:28,smtp,222.189.247.148,61099,10.5.71.60,25,935dae0ccf59d41f3f6e7af59b259e5b@qq.com,1224@hightech.com,中国移动提醒≮澳T新葡京116498ccom｜]约此38及工Y｜@@：778684162｜群：252647499｜rr9.88?0000
2017/11/25 10:29,smtp,10.64.106.29,2505,10.5.71.60,25,1433@hightech.com,5260d1c2b9226444922234103b627921@sohu.com,Retrial Notice
2017/11/25 10:31,smtp,10.116.216.71,1881,10.5.71.60,25,work@hightech.com,1092@hightech.com,[ALARM:828]HOST_5XXddfdd165fd73e1f9a94ea6068c09dd0c
2017/11/25 10:32,smtp,10.116.216.71,2518,10.5.71.60,25,work@hightech.com,1092@hightech.com,[RECOVER:1135]HOST_5XX380b15ad9a6c26c908a88d11742f9221
2017/11/25 10:33,smtp,10.64.105.71,2520,10.5.71.60,25,1180@hightech.com,1405@hightech.com,Financial Reporting
2017/11/25 10:34,smtp,10.116.216.71,2625,10.5.71.60,25,work@hightech.com,1092@hightech.com,[ALARM:328]HOST_5XX05a7434da5d82f0773bc48a6cdcd33f9
2017/11/25 10:34,smtp,10.116.216.72,2097,10.5.71.60,25,ti@hightech.net,1060@hightech.com,Internet Asset Monitoring and Alarm
2017/11/25 10:35,smtp,111.202.126.72,1851,10.5.71.60,25,3ef9d0429a478f5c2f947d36cf08cd6b@sohu.com,1184@hightech.com,Personal Resume
2017/11/25 10:35,smtp,10.116.216.71,2533,10.5.71.60,25,work@hightech.com,1087@hightech.com,[ALARM:340]HOST_5XX3e61f981a44e519b26bcdbae005a9019
2017/11/25 10:35,smtp,10.116.216.71,1788,10.5.71.60,25,work@hightech.com,1092@hightech.com,[RECOVER:109]HOST_5XXe1e55c2c511a4b23d2f5ad0c336b5c9c
2017/11/25 10:35,smtp,10.64.105.234,1931,10.5.71.60,25,1396@hightech.com,1060@hightech.com;1359@hightech.com;1457@hightech.com;1328@hightech.com;1145@hightech.com;1306@hightech.com;1440@hightech.com;1446@hightech.com;1336@hightech.com,Requirement Investigation
2017/11/25 10:37,smtp,10.64.105.231,2258,10.5.71.60,25,1213@hightech.com,1328@hightech.com,Financial Reporting
2017/11/25 10:38,smtp,10.116.216.71,1793,10.5.71.60,25,work@hightech.com,1092@hightech.com,[ALARM:403]HOST_5XXb85eac7fe862bbb1ba3402170780dc3c
2017/11/25 10:40,smtp,10.116.216.71,2387,10.5.71.60,25,work@hightech.com,1087@hightech.com,[ALARM:329]HOST_5XX38f40816cc3a52bcd003ff770e5b3108
2017/11/25 10:40,smtp,10.116.216.73,2211,10.5.71.60,25,smail@hightech.com,1060@hightech.com;1098@hightech.com;1100@hightech.com;1154@hightech.com;1191@hightech.com;1207@hightech.com;1209@hightech.com,Security Mail Crash
2017/11/25 10:41,smtp,10.116.216.72,2218,10.5.71.60,25,ti@hightech.net,1060@hightech.com,Internet Asset Monitoring and Alarm
2017/11/25 10:41,smtp,10.116.216.71,2276,10.5.71.60,25,work@hightech.com,1087@hightech.com,[ALARM:721]HOST_5XXba677ab95bb5f600d45c5a5e3fe92728
2017/11/25 10:41,smtp,10.116.216.71,2346,10.5.71.60,25,work@hightech.com,1087@hightech.com,[ALARM:151]HOST_5XX67ac6848d6a181ad1d9c2c6508f55a07
2017/11/25 10:44,smtp,218.0.69.130,57729,10.5.71.60,25,5304786036e9580ac0c5a6f6b3df4527@qq.com,1058@hightech.com,央行还款提醒≮澳T新葡京116498ccom－]约此38－@@：778741365群：512137592rr9.88洹a<div>眼看着别人生长自己却枯萎；</div><p>玛克斯也该让理智控制你的悲痛才是。</p><div>摄购寺奖领渐伺攒腊掠</div>
2017/11/25 10:44,smtp,10.64.105.246,2306,10.5.71.60,25,1381@hightech.com,1143@hightech.com,Summary
2017/11/25 10:44,smtp,10.116.216.71,2332,10.5.71.60,25,work@hightech.com,1087@hightech.com,[ALARM:731]HOST_5XX1149cfff5b8902d48927ab23312d57ce
2017/11/25 10:44,smtp,10.116.216.71,2497,10.5.71.60,25,work@hightech.com,1087@hightech.com,[RECOVER:362]HOST_5XX7fbd1c3de59399a68160ec309b25bc04
2017/11/25 10:45,smtp,10.64.105.243,2418,10.5.71.60,25,1369@hightech.com,1041@hightech.com,Work Report
2017/11/25 10:45,smtp,10.116.216.71,2515,10.5.71.60,25,work@hightech.com,1087@hightech.com,[RECOVER:163]HOST_5XX4c84291be0fada7df0d86f9defb0a301
2017/11/25 10:46,smtp,10.116.216.71,2522,10.5.71.60,25,work@hightech.com,1087@hightech.com,[RECOVER:379]HOST_5XXef25490128e23b2ef82c9f44f1fea303
2017/11/25 10:46,smtp,10.64.106.24,1659,10.5.71.60,25,1277@hightech.com,1098@hightech.com,Project Report
2017/11/25 10:47,smtp,10.116.216.71,1938,10.5.71.60,25,work@hightech.com,1092@hightech.com,[RECOVER:529]HOST_5XX5794c730c7babb780dcc0a0412f087b4
2017/11/25 10:47,smtp,10.64.105.12,2036,10.5.71.60,25,1342@hightech.com,1262@hightech.com,Financial Reporting
2017/11/25 10:48,smtp,125.112.226.59,59831,10.5.71.60,25,a650b3a2116f13d15dc3f0971f79f52b@qq.com,1058@hightech.com,00000000000000asdas≤澳T新葡京116498ccom精寿Y料＜一a中特＞]约此38｜@群：512137592｜≥赵虹多zhaohongduo
2017/11/25 10:49,smtp,10.116.216.71,2497,10.5.71.60,25,work@hightech.com,1087@hightech.com,[ALARM:244]HOST_5XX759701a04124aeeb2d62e8733e901f4f
2017/11/25 10:51,smtp,10.116.216.71,2673,10.5.71.60,25,work@hightech.com,1087@hightech.com,[ALARM:286]HOST_5XX5794c730c7babb780dcc0a0412f087b4
2017/11/25 10:53,smtp,10.116.216.73,2205,10.5.71.60,25,smail@hightech.com,1060@hightech.com;1098@hightech.com;1100@hightech.com;1154@hightech.com;1191@hightech.com;1207@hightech.com;1209@hightech.com,Security Mail Crash
2017/11/25 10:55,smtp,10.64.106.23,1554,10.5.71.60,25,1248@hightech.com,1041@hightech.com;1368@hightech.com;1347@hightech.com;1255@hightech.com;1327@hightech.com;1439@hightech.com;1137@hightech.com;1370@hightech.com;1467@hightech.com;1226@hightech.com;1369@hightech.com;1186@hightech.com;1213@hightech.com;1451@hightech.com;1124@hightech.com;1431@hightech.com;1293@hightech.com;1253@hightech.com;1342@hightech.com;1498@hightech.com;1108@hightech.com;1180@hightech.com;1346@hightech.com,Funding
2017/11/25 10:56,smtp,10.116.216.72,1802,10.5.71.60,25,ti@hightech.net,1060@hightech.com,Internet Asset Monitoring and Alarm
2017/11/25 10:58,smtp,163.177.72.176,2502,10.5.71.60,25,de43e44cdb41ebcd6fbf1266c4b9f3e7@qq.com,1165@hightech.com,Personal Resume
2017/11/25 10:58,smtp,60.182.73.177,59213,10.5.71.60,25,45a8ebdb1a620fa06b4b028da4a33bc3@qq.com,1199@hightech.com,苟玉玲gouyuling≮澳T新葡京116498ccom－]约此38－@@：778741365群：512137592六盒49洹s00
2017/11/25 11:01,smtp,10.64.105.243,2419,10.5.71.60,25,1369@hightech.com,1041@hightech.com,Work Report
2017/11/25 11:04,smtp,10.116.216.72,2272,10.5.71.60,25,ti@hightech.net,1060@hightech.com,Internet Asset Monitoring and Alarm
2017/11/25 11:07,smtp,10.116.216.71,1676,10.5.71.60,25,work@hightech.com,1092@hightech.com,[RECOVER:336]HOST_5XX911ed13d7bcb14c2e501f9be92cdce19
2017/11/25 11:10,smtp,10.116.216.71,2349,10.5.71.60,25,work@hightech.com,1087@hightech.com,[RECOVER:1642]HOST_5XXad1d661df1c8dedd33c7775eb2dd289e
2017/11/25 11:10,smtp,10.64.105.243,2419,10.5.71.60,25,1369@hightech.com,1398@hightech.com,Financial Reporting
2017/11/25 11:16,smtp,10.116.216.71,2447,10.5.71.60,25,work@hightech.com,1092@hightech.com,[RECOVER:574]HOST_5XX27ea21693fbd127e427d4ddd575d5437
2017/11/25 11:18,smtp,10.64.106.23,1543,10.5.71.60,25,1248@hightech.com,1041@hightech.com;1368@hightech.com;1347@hightech.com;1255@hightech.com;1327@hightech.com;1439@hightech.com;1137@hightech.com;1370@hightech.com;1467@hightech.com;1226@hightech.com;1369@hightech.com;1186@hightech.com;1213@hightech.com;1451@hightech.com;1124@hightech.com;1431@hightech.com;1293@hightech.com;1253@hightech.com;1342@hightech.com;1498@hightech.com;1108@hightech.com;1180@hightech.com;1346@hightech.com,Cost Control
2017/11/25 11:18,smtp,10.116.216.73,2626,10.5.71.60,25,smail@hightech.com,1060@hightech.com;1098@hightech.com;1100@hightech.com;1154@hightech.com;1191@hightech.com;1207@hightech.com;1209@hightech.com,Security Mail Crash
2017/11/25 11:20,smtp,10.64.105.246,2325,10.5.71.60,25,1381@hightech.com,1143@hightech.com;1434@hightech.com;1380@hightech.com;1438@hightech.com;1367@hightech.com;1355@hightech.com;1279@hightech.com;1163@hightech.com;1324@hightech.com;1304@hightech.com;1217@hightech.com,Analysis Platform Configuration
2017/11/25 11:20,smtp,111.202.126.72,1787,10.5.71.60,25,1d9a85fb3b15f665fd9cdc303d2615fe@sohu.com,1104@hightech.com,Information Including Photos and Forms
2017/11/25 11:21,smtp,10.64.105.234,1935,10.5.71.60,25,1396@hightech.com,1060@hightech.com;1359@hightech.com;1457@hightech.com;1328@hightech.com;1145@hightech.com;1306@hightech.com;1440@hightech.com;1446@hightech.com;1336@hightech.com,Project Process Document
2017/11/25 11:22,smtp,10.116.216.72,2673,10.5.71.60,25,ti@hightech.net,1060@hightech.com,Internet Asset Monitoring and Alarm
2017/11/25 11:25,smtp,10.64.105.231,2257,10.5.71.60,25,1213@hightech.com,1483@hightech.com,Financial Reporting
2017/11/25 11:27,smtp,60.182.126.242,53650,10.5.71.60,25,f4db2aa0b8a999c938ffaa8702d7a13b@qq.com,1101@hightech.com,中国移动提醒『澳T新葡京期待您的加入-@@：778684162群：252647499-]运38-六盒49-116498ccom』<div>没有表明：存在就是失足，恶果随后就逐步和越来越明显地暴</div><div>相逢不饮空归去，洞口桃花也笑人。</div><p>X1jUbDw7H10PSbTe</p>
2017/11/25 11:27,smtp,10.116.216.71,2423,10.5.71.60,25,work@hightech.com,1092@hightech.com,[ALARM:115]HOST_5XX49c7978c4980fa043b04c773f72f4948
2017/11/25 11:27,smtp,10.116.216.71,1659,10.5.71.60,25,work@hightech.com,1092@hightech.com,[ALARM:193]HOST_5XXc4a9ccd85feb8f5fc379f23e9a869da7
2017/11/25 11:28,smtp,10.116.216.71,2707,10.5.71.60,25,work@hightech.com,1087@hightech.com,[RECOVER:62]HOST_5XX775c40b3a6d33cfb0312d2c281ee21f1
2017/11/25 11:28,smtp,10.64.106.23,1559,10.5.71.60,25,1248@hightech.com,1041@hightech.com,Work Report
2017/11/25 11:29,smtp,10.116.216.71,2032,10.5.71.60,25,work@hightech.com,1087@hightech.com,[RECOVER:1414]HOST_5XXdccbf7e81915a8f3148430abd9c39587
2017/11/25 11:31,smtp,10.116.216.72,2430,10.5.71.60,25,ti@hightech.net,1060@hightech.com,Internet Asset Monitoring and Alarm
2017/11/25 11:34,smtp,118.192.64.194,35289,10.5.71.60,25,aaabf0d39951f3e6c3e8a7911df524c2@mail7.lietou-edm.com,1087@hightech.com,[Sales Manager_Yinchuan] Zhang Changzhan_Candidates from liepin.com
2017/11/25 11:35,smtp,10.116.216.73,2524,10.5.71.60,25,smail@hightech.com,1060@hightech.com;1098@hightech.com;1100@hightech.com;1154@hightech.com;1191@hightech.com;1207@hightech.com;1209@hightech.com,Security Mail Crash
2017/11/25 11:35,smtp,10.116.216.71,2512,10.5.71.60,25,work@hightech.com,1092@hightech.com,[ALARM:1566]HOST_5XXace9b232ffe89af8c037998f3355fb32
2017/11/25 11:36,smtp,10.116.216.73,2392,10.5.71.60,25,smail@hightech.com,1060@hightech.com;1098@hightech.com;1100@hightech.com;1154@hightech.com;1191@hightech.com;1207@hightech.com;1209@hightech.com,Security Mail Crash
2017/11/25 11:36,smtp,10.64.105.217,1862,10.5.71.60,25,1172@hightech.com,1132@hightech.com;1490@hightech.com;1246@hightech.com;1466@hightech.com;1475@hightech.com;1314@hightech.com;1397@hightech.com;1436@hightech.com;1480@hightech.com;1257@hightech.com;1345@hightech.com;1477@hightech.com,Regular Meeting Summary
2017/11/25 11:36,smtp,222.185.184.72,49388,10.5.71.60,25,15ccccfc8ce3e90d6d3e65fe62a52edd@qq.com,1087@hightech.com,斜拖≮]约此38及工Y｜澳T新葡京116498ccom｜｜@@：778741365vbe工商信用卡还款提醒
2017/11/25 11:37,smtp,10.116.216.73,2551,10.5.71.60,25,smail@hightech.com,1060@hightech.com;1098@hightech.com;1100@hightech.com;1154@hightech.com;1191@hightech.com;1207@hightech.com;1209@hightech.com,Security Mail Crash
2017/11/25 11:38,smtp,10.116.216.71,1824,10.5.71.60,25,work@hightech.com,1087@hightech.com,[RECOVER:92]HOST_5XX660bb77285cf0a4b14e65677c9f72322
2017/11/25 11:40,smtp,10.116.216.71,2523,10.5.71.60,25,work@hightech.com,1092@hightech.com,[ALARM:1088]HOST_5XX19aa03d50872e1d1691298bc10de456a
2017/11/25 11:40,smtp,10.116.216.71,1740,10.5.71.60,25,work@hightech.com,1092@hightech.com,[RECOVER:479]HOST_5XX6d2870bf789ff246865b2bcf993d6312
2017/11/25 11:42,smtp,10.116.216.71,1929,10.5.71.60,25,work@hightech.com,1092@hightech.com,[ALARM:1152]HOST_5XX1cf5b7e3337e6489200fedc66c37b4a8
2017/11/25 11:45,smtp,10.64.105.205,2163,10.5.71.60,25,1255@hightech.com,1421@hightech.com,Financial Reporting
2017/11/25 11:45,smtp,10.116.216.72,2551,10.5.71.60,25,ti@hightech.net,1060@hightech.com,Internet Asset Monitoring and Alarm
2017/11/25 11:46,smtp,10.116.216.71,2306,10.5.71.60,25,work@hightech.com,1092@hightech.com,[ALARM:380]HOST_5XX5e4be6b426f98457e94e6e0ee371ee58
2017/11/25 11:46,smtp,219.142.78.230,2045,10.5.71.60,25,a70222fe6358f2d781a598228967377e@sina.com,1378@hightech.com,Personal Resume
2017/11/25 11:46,smtp,10.116.216.71,1558,10.5.71.60,25,work@hightech.com,1092@hightech.com,[RECOVER:730]HOST_5XX1a81f35aea74e68d3e691f06178a9837
2017/11/25 11:47,smtp,10.116.216.71,2515,10.5.71.60,25,work@hightech.com,1087@hightech.com,[RECOVER:1041]HOST_5XXaf8abda9c4690a5e19019814e5ebbade
2017/11/25 11:54,smtp,10.116.216.72,2539,10.5.71.60,25,ti@hightech.net,1060@hightech.com,Internet Asset Monitoring and Alarm
2017/11/25 11:54,smtp,10.116.216.72,1932,10.5.71.60,25,ti@hightech.net,1060@hightech.com,Internet Asset Monitoring and Alarm
2017/11/25 11:55,smtp,123.58.177.20,4062,10.5.71.60,25,job@163.com,1487@hightech.com,"Please improve your personal resume, and improve your job search success rate."
2017/11/25 11:56,smtp,10.116.216.72,1570,10.5.71.60,25,ti@hightech.net,1060@hightech.com,Internet Asset Monitoring and Alarm
2017/11/25 11:56,smtp,10.116.216.71,2047,10.5.71.60,25,work@hightech.com,1087@hightech.com,[RECOVER:319]HOST_5XXbb4550e7303d92e2d051cf179348449a
2017/11/25 11:57,smtp,14.17.32.47,2151,10.5.71.60,25,22c5c421a64bf75d4f71f2312f2357fa@foxmail.com,1251@hightech.com,Personal Resume
2017/11/25 11:57,smtp,10.116.216.71,1930,10.5.71.60,25,work@hightech.com,1087@hightech.com,[ALARM:1537]HOST_5XX1e24b0670e4f84c51eca06faf0139822
2017/11/25 11:59,smtp,10.116.216.71,1560,10.5.71.60,25,work@hightech.com,1092@hightech.com,[RECOVER:1091]HOST_5XX1a81f35aea74e68d3e691f06178a9837
2017/11/25 11:59,smtp,10.116.216.72,2281,10.5.71.60,25,ti@hightech.net,1060@hightech.com,Internet Asset Monitoring and Alarm
2017/11/25 11:59,smtp,10.116.216.71,2690,10.5.71.60,25,work@hightech.com,1087@hightech.com,[ALARM:1379]HOST_5XX9e627c5e03906b3eeaaff458bcb0021a
2017/11/25 11:59,smtp,10.116.216.71,2331,10.5.71.60,25,work@hightech.com,1087@hightech.com,[ALARM:351]HOST_5XX14a6cbf74477307b9ce8c5ad45b44c85
2017/11/25 12:00,smtp,125.112.226.59,61205,10.5.71.60,25,f84d7066e27ff1c0a29d70f6cf233ba1@qq.com,1060@hightech.com,跳进黄河洗不清＜澳T新葡京116498ccom｜群：512137592｜@@：778741365｜群：512137592｜rr9.88洌咀捃扒
2017/11/25 12:00,smtp,222.189.244.116,60993,10.5.71.60,25,6ab052edb71b272fb6954a628f031825@qq.com,1092@hightech.com,程序逻辑单dan元〔〔澳T新葡京已送38t到您~羯-添加@@：778684162I取-六盒49-r9.88〕〕申通快递到货提醒
2017/11/25 12:01,smtp,10.116.216.71,2646,10.5.71.60,25,work@hightech.com,1092@hightech.com,[ALARM:109]HOST_5XX9c5681822a54ae6081661de26d21cad5
2017/11/25 12:01,smtp,10.116.216.71,2424,10.5.71.60,25,work@hightech.com,1087@hightech.com,[ALARM:789]HOST_5XX9724f25d7d115fd471e8f4f128238f28
2017/11/25 12:01,smtp,10.64.106.24,1672,10.5.71.60,25,1277@hightech.com,1098@hightech.com,Summary
2017/11/25 12:02,smtp,10.116.216.71,2148,10.5.71.60,25,work@hightech.com,1087@hightech.com,[ALARM:937]HOST_5XX4c02bed2518fe5aee581124932135e94
2017/11/25 12:03,smtp,10.116.216.71,1811,10.5.71.60,25,work@hightech.com,1092@hightech.com,[ALARM:442]HOST_5XXdb620c9e54710de78d6a23528f741296
2017/11/25 12:03,smtp,10.116.216.71,1868,10.5.71.60,25,work@hightech.com,1092@hightech.com,[ALARM:130]HOST_5XXc3ed4ff2d6ab611fec2db3fe4177f41b
2017/11/25 12:04,smtp,10.116.216.71,2421,10.5.71.60,25,work@hightech.com,1092@hightech.com,[RECOVER:218]HOST_5XXf2f8f4a450ec44d9c92a48d8d812d917
2017/11/25 12:04,smtp,10.116.216.73,1568,10.5.71.60,25,smail@hightech.com,1060@hightech.com;1098@hightech.com;1100@hightech.com;1154@hightech.com;1191@hightech.com;1207@hightech.com;1209@hightech.com,Security Mail Crash
2017/11/25 12:04,smtp,10.116.216.71,2156,10.5.71.60,25,work@hightech.com,1092@hightech.com,[RECOVER:1271]HOST_5XXf7b81e5a9005329acc4f5f0004c57ee5
2017/11/25 12:05,smtp,10.116.216.71,2403,10.5.71.60,25,work@hightech.com,1087@hightech.com,[RECOVER:1042]HOST_5XX69e42ae8fe45b0003be0f337df3f4d1e
2017/11/25 12:05,smtp,10.116.216.72,2407,10.5.71.60,25,ti@hightech.net,1060@hightech.com,Internet Asset Monitoring and Alarm
2017/11/25 12:05,smtp,10.116.216.71,2338,10.5.71.60,25,work@hightech.com,1087@hightech.com,[RECOVER:808]HOST_5XXac8873a555701b6920e67f380042ec36
2017/11/25 12:07,smtp,10.116.216.71,2177,10.5.71.60,25,work@hightech.com,1087@hightech.com,[RECOVER:293]HOST_5XX9724f25d7d115fd471e8f4f128238f28
2017/11/25 12:07,smtp,10.64.105.217,1871,10.5.71.60,25,1172@hightech.com,1132@hightech.com;1490@hightech.com;1246@hightech.com;1466@hightech.com;1475@hightech.com;1314@hightech.com;1397@hightech.com;1436@hightech.com;1480@hightech.com;1257@hightech.com;1345@hightech.com;1477@hightech.com,Technical Sharing Arrangements
2017/11/25 12:08,smtp,10.116.216.73,2105,10.5.71.60,25,smail@hightech.com,1060@hightech.com;1098@hightech.com;1100@hightech.com;1154@hightech.com;1191@hightech.com;1207@hightech.com;1209@hightech.com,Security Mail Crash
2017/11/25 12:10,smtp,10.116.216.71,1936,10.5.71.60,25,work@hightech.com,1092@hightech.com,[ALARM:691]HOST_5XX1a81f35aea74e68d3e691f06178a9837
2017/11/25 12:11,smtp,10.116.216.71,1743,10.5.71.60,25,work@hightech.com,1087@hightech.com,[RECOVER:188]HOST_5XXc2a6ec66621156404e553dd325d22cad
2017/11/25 12:14,smtp,10.64.105.122,2532,10.5.71.60,25,1186@hightech.com,1041@hightech.com;1368@hightech.com;1347@hightech.com;1255@hightech.com;1248@hightech.com;1327@hightech.com;1439@hightech.com;1137@hightech.com;1370@hightech.com;1467@hightech.com;1226@hightech.com;1369@hightech.com;1213@hightech.com;1451@hightech.com;1124@hightech.com;1431@hightech.com;1293@hightech.com;1253@hightech.com;1342@hightech.com;1498@hightech.com;1108@hightech.com;1180@hightech.com;1346@hightech.com,Accounting
2017/11/25 12:15,smtp,222.189.244.116,61896,10.5.71.60,25,42fd2744a3c50d43b83609d2912c7df6@qq.com,1115@hightech.com,庞加以【六盒49-r9.88-澳T新葡京期待您的加入-@@：778684162-]运38】梁芸萱
2017/11/25 12:16,smtp,10.116.216.71,2496,10.5.71.60,25,work@hightech.com,1087@hightech.com,[ALARM:1308]HOST_5XXd6e8fa49a2e80cdf8a49eccc93a72a39
2017/11/25 12:17,smtp,10.116.216.71,1783,10.5.71.60,25,work@hightech.com,1092@hightech.com,[ALARM:334]HOST_5XXef84dbd2665020cab34093efcb167437
2017/11/25 12:17,smtp,10.116.216.71,1861,10.5.71.60,25,work@hightech.com,1087@hightech.com,[RECOVER:294]HOST_5XX9c5681822a54ae6081661de26d21cad5
2017/11/25 12:19,smtp,10.116.216.71,1744,10.5.71.60,25,work@hightech.com,1092@hightech.com,[ALARM:709]HOST_5XX9e366f07f4e7b650a625d3dc158016f0
2017/11/25 12:19,smtp,10.116.216.72,2435,10.5.71.60,25,ti@hightech.net,1060@hightech.com,Internet Asset Monitoring and Alarm
2017/11/25 12:19,smtp,14.17.32.47,1754,10.5.71.60,25,8733d9cc5ed4a1adb23b3bd6b2ba5472@foxmail.com,1435@hightech.com,Project Related
2017/11/25 12:20,smtp,10.116.216.71,1876,10.5.71.60,25,work@hightech.com,1092@hightech.com,[RECOVER:170]HOST_5XXd966e2914b5468307dcec56d08346688
2017/11/25 12:20,smtp,10.64.105.231,2261,10.5.71.60,25,1213@hightech.com,1041@hightech.com;1368@hightech.com;1347@hightech.com;1255@hightech.com;1248@hightech.com;1327@hightech.com;1439@hightech.com;1137@hightech.com;1370@hightech.com;1467@hightech.com;1226@hightech.com;1369@hightech.com;1186@hightech.com;1451@hightech.com;1124@hightech.com;1431@hightech.com;1293@hightech.com;1253@hightech.com;1342@hightech.com;1498@hightech.com;1108@hightech.com;1180@hightech.com;1346@hightech.com,Funding
2017/11/25 12:21,smtp,222.185.184.72,51555,10.5.71.60,25,a439bdf3f4d418edce4bdd0ca4f4f7f9@qq.com,1092@hightech.com,两处闲愁≮期待您的加入×澳T新葡京116498ccom－]约此38－@@：778684162群：512137592≯别浦鲤鱼何日到
2017/11/25 12:21,smtp,10.116.216.71,1559,10.5.71.60,25,work@hightech.com,1087@hightech.com,[ALARM:391]HOST_5XXe58b6fb92d1d5136c90f0f2d0f6d9e20
2017/11/25 12:21,smtp,10.116.216.73,1865,10.5.71.60,25,smail@hightech.com,1060@hightech.com;1098@hightech.com;1100@hightech.com;1154@hightech.com;1191@hightech.com;1207@hightech.com;1209@hightech.com,Security Mail Crash
2017/11/25 12:23,smtp,10.64.106.8,2424,10.5.71.60,25,1312@hightech.com,de19e4c5127febacdadd7ba1e7fee4bf@sohu.com,Retrial Notice
2017/11/25 12:24,smtp,163.177.72.176,2184,10.5.71.60,25,a09259bc81ea15f92398982c34aa94b3@qq.com,1499@hightech.com,Personal Information
2017/11/25 12:25,smtp,58.217.77.187,57866,10.5.71.60,25,6f829932521855b17566f9d4a2004904@avl.com.cn,1228@hightech.com,terry_tang：How to be accurate and efficient in the interview process? 21:45:34
2017/11/25 12:25,smtp,10.116.216.72,2532,10.5.71.60,25,ti@hightech.net,1060@hightech.com,Internet Asset Monitoring and Alarm
2017/11/25 12:27,smtp,60.182.126.242,52600,10.5.71.60,25,49f4728d4fc1e82f1048dbc983071bfe@qq.com,1092@hightech.com,杜先『t包大@@：778684162¨38元t苞已槟添加群：252647499¨澳T新葡京¨PK⑩-9.88』杀人不见血
2017/11/25 13:34,smtp,163.177.72.176,3278,10.5.71.60,25,578dccf80441542ec3048eead18e6673@qq.com,1312@hightech.com,Personal Information
2017/11/25 13:40,smtp,10.64.106.23,2200,10.5.71.60,25,1248@hightech.com,1041@hightech.com;1368@hightech.com;1347@hightech.com;1255@hightech.com;1327@hightech.com;1439@hightech.com;1137@hightech.com;1370@hightech.com;1467@hightech.com;1226@hightech.com;1369@hightech.com;1186@hightech.com;1213@hightech.com;1451@hightech.com;1124@hightech.com;1431@hightech.com;1293@hightech.com;1253@hightech.com;1342@hightech.com;1498@hightech.com;1108@hightech.com;1180@hightech.com;1346@hightech.com,Funding
2017/11/25 13:41,smtp,10.64.105.243,3296,10.5.71.60,25,1369@hightech.com,1041@hightech.com;1368@hightech.com;1347@hightech.com;1255@hightech.com;1248@hightech.com;1327@hightech.com;1439@hightech.com;1137@hightech.com;1370@hightech.com;1467@hightech.com;1226@hightech.com;1186@hightech.com;1213@hightech.com;1451@hightech.com;1124@hightech.com;1431@hightech.com;1293@hightech.com;1253@hightech.com;1342@hightech.com;1498@hightech.com;1108@hightech.com;1180@hightech.com;1346@hightech.com,Financial Analysis
2017/11/25 13:51,smtp,10.116.216.72,2881,10.5.71.60,25,ti@hightech.net,1060@hightech.com,Internet Asset Monitoring and Alarm
2017/11/25 13:53,smtp,10.116.216.72,2753,10.5.71.60,25,ti@hightech.net,1060@hightech.com,Internet Asset Monitoring and Alarm
2017/11/25 13:53,smtp,10.64.105.43,3045,10.5.71.60,25,1124@hightech.com,1041@hightech.com;1368@hightech.com;1347@hightech.com;1255@hightech.com;1248@hightech.com;1327@hightech.com;1439@hightech.com;1137@hightech.com;1370@hightech.com;1467@hightech.com;1226@hightech.com;1369@hightech.com;1186@hightech.com;1213@hightech.com;1451@hightech.com;1431@hightech.com;1293@hightech.com;1253@hightech.com;1342@hightech.com;1498@hightech.com;1108@hightech.com;1180@hightech.com;1346@hightech.com,Financial Analysis
2017/11/25 14:00,smtp,10.116.216.71,3231,10.5.71.60,25,work@hightech.com,1092@hightech.com,[RECOVER:68]HOST_5XXcb5ea91bd5d98eafa37816f9ff063a35
2017/11/25 14:01,smtp,10.116.216.71,2626,10.5.71.60,25,work@hightech.com,1092@hightech.com,[RECOVER:42]HOST_5XXff1a92e9c4788a4a976f3b8c4bf6ed8c
2017/11/25 14:03,smtp,10.116.216.71,3219,10.5.71.60,25,work@hightech.com,1092@hightech.com,[RECOVER:546]HOST_5XXe58b6fb92d1d5136c90f0f2d0f6d9e20
2017/11/25 14:03,smtp,10.116.216.71,2966,10.5.71.60,25,work@hightech.com,1092@hightech.com,[RECOVER:665]HOST_5XXff1a92e9c4788a4a976f3b8c4bf6ed8c
2017/11/25 14:05,smtp,10.116.216.72,3223,10.5.71.60,25,ti@hightech.net,1060@hightech.com,Internet Asset Monitoring and Alarm
2017/11/25 14:07,smtp,10.64.105.205,2899,10.5.71.60,25,1255@hightech.com,1041@hightech.com;1368@hightech.com;1347@hightech.com;1248@hightech.com;1327@hightech.com;1439@hightech.com;1137@hightech.com;1370@hightech.com;1467@hightech.com;1226@hightech.com;1369@hightech.com;1186@hightech.com;1213@hightech.com;1451@hightech.com;1124@hightech.com;1431@hightech.com;1293@hightech.com;1253@hightech.com;1342@hightech.com;1498@hightech.com;1108@hightech.com;1180@hightech.com;1346@hightech.com,Cost Control
2017/11/25 14:10,smtp,10.116.216.72,2488,10.5.71.60,25,ti@hightech.net,1060@hightech.com,Internet Asset Monitoring and Alarm
2017/11/25 14:10,smtp,10.64.106.29,3729,10.5.71.60,25,1433@hightech.com,1013@hightech.com;1104@hightech.com;1499@hightech.com;1371@hightech.com;1184@hightech.com;1251@hightech.com;1295@hightech.com;1312@hightech.com;1165@hightech.com;1300@hightech.com;1378@hightech.com;1473@hightech.com;1118@hightech.com;1363@hightech.com;1249@hightech.com;1110@hightech.com;1149@hightech.com,Welfare Guarantees
2017/11/25 14:11,smtp,10.116.216.71,3137,10.5.71.60,25,work@hightech.com,1092@hightech.com,[RECOVER:596]HOST_5XXa394e93a8631015b7e9811b98ab7bef9
2017/11/25 14:11,smtp,10.64.106.29,3733,10.5.71.60,25,1433@hightech.com,33162a330806e6ffa6974d57547616a8@qq.com,Retrial Notice
2017/11/25 14:13,smtp,125.109.195.199,51268,10.5.71.60,25,482409f40ca84e99f896622f2a6a746e@qq.com,1079@hightech.com,57婢愁姘割331498C0Mㄦ敞?8??涓Q371735198棰?
2017/11/25 14:14,smtp,10.116.216.71,2629,10.5.71.60,25,work@hightech.com,1087@hightech.com,[RECOVER:412]HOST_5XXd09c6c3d1071b8ccbb64995d902966de
2017/11/25 14:15,smtp,10.116.216.71,2290,10.5.71.60,25,work@hightech.com,1092@hightech.com,[RECOVER:882]HOST_5XXffa40fe5ad57bdf0117680acc437a162
2017/11/25 14:16,smtp,60.182.73.177,55365,10.5.71.60,25,1404d17142f2d026bd423e3bba9e6c5b@qq.com,1079@hightech.com,总苗数xc≮期待您的加入×澳T新葡京116498ccom－]约此38－@@：778741365≯framing
2017/11/25 14:17,smtp,10.116.216.71,2205,10.5.71.60,25,work@hightech.com,1092@hightech.com,[RECOVER:838]HOST_5XXa28ed6771ef2ee7acbd4e4ead4c08fbd
2017/11/25 14:21,smtp,10.116.216.71,2621,10.5.71.60,25,work@hightech.com,1087@hightech.com,[RECOVER:1219]HOST_5XX40861643441fa09059e1861600bec332
2017/11/25 14:21,smtp,125.117.51.204,60587,10.5.71.60,25,59adf12d8d115d31bce1a78bb0d193ba@qq.com,1207@hightech.com,彭在≮澳T新葡京116498ccom－]约此38－@@：778684162群：512137592六盒49洹廴饲槭拦
2017/11/25 14:23,smtp,10.64.106.24,2726,10.5.71.60,25,1277@hightech.com,7d1d437dbe55dc20db3efe9c89347780@foxmail.com,Technology Sharing and Discussion
2017/11/25 14:23,smtp,10.116.216.71,2480,10.5.71.60,25,work@hightech.com,1092@hightech.com,[ALARM:738]HOST_5XXe1e55c2c511a4b23d2f5ad0c336b5c9c
2017/11/25 14:24,smtp,10.64.105.217,2405,10.5.71.60,25,1172@hightech.com,1132@hightech.com;1490@hightech.com;1246@hightech.com;1466@hightech.com;1475@hightech.com;1314@hightech.com;1397@hightech.com;1436@hightech.com;1480@hightech.com;1257@hightech.com;1345@hightech.com;1477@hightech.com,Regular Meeting Summary
2017/11/25 14:29,smtp,10.116.216.72,3133,10.5.71.60,25,ti@hightech.net,1060@hightech.com,Internet Asset Monitoring and Alarm
2017/11/25 14:29,smtp,10.116.216.71,3354,10.5.71.60,25,work@hightech.com,1087@hightech.com,[ALARM:623]HOST_5XXe58b6fb92d1d5136c90f0f2d0f6d9e20
2017/11/25 14:29,smtp,10.64.105.198,2815,10.5.71.60,25,1467@hightech.com,1041@hightech.com,Work Report
2017/11/25 14:30,smtp,10.116.216.71,3753,10.5.71.60,25,work@hightech.com,1092@hightech.com,[ALARM:1262]HOST_5XX107e616e0735d051cce1eb5d02838b78
2017/11/25 14:31,smtp,10.116.216.71,2805,10.5.71.60,25,work@hightech.com,1092@hightech.com,[RECOVER:197]HOST_5XX19aa03d50872e1d1691298bc10de456a
2017/11/25 14:33,smtp,10.116.216.71,2199,10.5.71.60,25,work@hightech.com,1087@hightech.com,[RECOVER:373]HOST_5XX2aef3c61d62874a3be3398ff30832a80
2017/11/25 14:35,smtp,10.116.216.73,2898,10.5.71.60,25,smail@hightech.com,1060@hightech.com;1098@hightech.com;1100@hightech.com;1154@hightech.com;1191@hightech.com;1207@hightech.com;1209@hightech.com,Security Mail Crash
2017/11/25 14:36,smtp,10.116.216.71,2895,10.5.71.60,25,work@hightech.com,1087@hightech.com,[RECOVER:1524]HOST_5XX36ad2779bcd2f20f50edcdd3e15138fc
2017/11/25 14:36,smtp,10.116.216.71,3287,10.5.71.60,25,work@hightech.com,1087@hightech.com,[RECOVER:962]HOST_5XX12efdb198d4f4e59f8862d4305e0772e
2017/11/25 14:37,smtp,10.116.216.73,3238,10.5.71.60,25,smail@hightech.com,1060@hightech.com;1098@hightech.com;1100@hightech.com;1154@hightech.com;1191@hightech.com;1207@hightech.com;1209@hightech.com,Security Mail Crash
2017/11/25 14:37,smtp,121.226.153.213,58822,10.5.71.60,25,b401bd44f2199d252eb301cbc6a4f868@qq.com,1057@hightech.com,0000000000000新葡京●【t已派l-添加@@：778684162群：512137592--F板精柿盒Y料-六盒49倍】●央行还款提醒
2017/11/25 14:38,smtp,10.116.216.71,2964,10.5.71.60,25,work@hightech.com,1092@hightech.com,[RECOVER:1489]HOST_5XX4c02bed2518fe5aee581124932135e94
2017/11/25 14:38,smtp,10.64.105.198,2814,10.5.71.60,25,1467@hightech.com,1041@hightech.com,Work Report
2017/11/25 14:42,smtp,101.236.29.216,4636,10.5.71.60,25,zhangzhe@eyou.com,1487@hightech.com,Ten friends have praised your work experience
2017/11/25 14:46,smtp,222.189.247.148,61277,10.5.71.60,25,411ce7057ca6c5638fea04aca91da21e@qq.com,1230@hightech.com,屡变星霜≮]约此38及工Y｜澳T新葡京116498ccom｜群：252647499｜@@：778684162避含羞笑相语
2017/11/25 14:49,smtp,10.116.216.71,2717,10.5.71.60,25,work@hightech.com,1092@hightech.com,[ALARM:121]HOST_5XX107e616e0735d051cce1eb5d02838b78
2017/11/25 14:53,smtp,219.142.78.230,2831,10.5.71.60,25,3e76d408c2035e4a4b9e6cebda8ca399@sina.com,1249@hightech.com,Personal Resume
2017/11/25 14:54,smtp,10.116.216.71,2706,10.5.71.60,25,work@hightech.com,1092@hightech.com,[RECOVER:963]HOST_5XX746d9802975503996673a66a7f84ce5a
2017/11/25 14:55,smtp,10.116.216.71,3226,10.5.71.60,25,work@hightech.com,1087@hightech.com,[ALARM:769]HOST_5XXddb7d27f120f553d116d138e74a2d2ae
2017/11/25 14:56,smtp,10.116.216.71,2480,10.5.71.60,25,work@hightech.com,1087@hightech.com,[RECOVER:256]HOST_5XXdf8ed164b33ca20dd4c2d659e4c6f1d2
2017/11/25 14:58,smtp,10.116.216.71,2812,10.5.71.60,25,work@hightech.com,1087@hightech.com,[ALARM:435]HOST_5XX053adedbcd858aefecb553a7af6b7822
2017/11/25 14:58,smtp,10.116.216.72,3735,10.5.71.60,25,ti@hightech.net,1060@hightech.com,Internet Asset Monitoring and Alarm
2017/11/25 15:00,smtp,114.229.174.137,9567,10.5.71.60,25,5a3572d7dd11f5e84124525e069be4d0@fpg.m4.ntu.edu.tw,1087@hightech.com,kevin_zuo：How to be accurate and efficient in the interview process? 14:36:00
2017/11/25 15:00,smtp,10.116.216.73,3419,10.5.71.60,25,smail@hightech.com,1060@hightech.com;1098@hightech.com;1100@hightech.com;1154@hightech.com;1191@hightech.com;1207@hightech.com;1209@hightech.com,Security Mail Crash
2017/11/25 15:01,smtp,10.116.216.71,3302,10.5.71.60,25,work@hightech.com,1092@hightech.com,[ALARM:713]HOST_5XXa1e1666dc2268955b59902185fb73890
2017/11/25 15:02,smtp,10.64.105.43,3045,10.5.71.60,25,1124@hightech.com,1041@hightech.com;1368@hightech.com;1347@hightech.com;1255@hightech.com;1248@hightech.com;1327@hightech.com;1439@hightech.com;1137@hightech.com;1370@hightech.com;1467@hightech.com;1226@hightech.com;1369@hightech.com;1186@hightech.com;1213@hightech.com;1451@hightech.com;1431@hightech.com;1293@hightech.com;1253@hightech.com;1342@hightech.com;1498@hightech.com;1108@hightech.com;1180@hightech.com;1346@hightech.com,Cost Control
2017/11/25 15:03,smtp,10.116.216.71,3292,10.5.71.60,25,work@hightech.com,1092@hightech.com,[ALARM:983]HOST_5XX07108b69695718f63582468fcdbe2a15
2017/11/25 15:04,smtp,10.64.105.81,3130,10.5.71.60,25,1327@hightech.com,1127@hightech.com,Financial Reporting
2017/11/25 15:05,smtp,14.17.32.47,2697,10.5.71.60,25,ed1257276fe727719d4b01256015e6b2@foxmail.com,1165@hightech.com,Information Including Photos and Forms
2017/11/25 15:08,smtp,10.116.216.71,2895,10.5.71.60,25,work@hightech.com,1087@hightech.com,[ALARM:1350]HOST_5XX11e5a563f2aee42352dc681bac2a000b
2017/11/25 15:08,smtp,10.116.216.72,2614,10.5.71.60,25,ti@hightech.net,1060@hightech.com,Internet Asset Monitoring and Alarm
2017/11/25 15:11,smtp,195.93.85.131,4005,10.5.71.60,25,zhaopin@aol.com,1487@hightech.com,8 head-hunting have viewed your personal resume
2017/11/25 15:11,smtp,10.116.216.73,3418,10.5.71.60,25,smail@hightech.com,1060@hightech.com;1098@hightech.com;1100@hightech.com;1154@hightech.com;1191@hightech.com;1207@hightech.com;1209@hightech.com,Security Mail Crash
2017/11/25 15:11,smtp,10.116.216.73,2856,10.5.71.60,25,smail@hightech.com,1060@hightech.com;1098@hightech.com;1100@hightech.com;1154@hightech.com;1191@hightech.com;1207@hightech.com;1209@hightech.com,Security Mail Crash
2017/11/25 15:11,smtp,10.116.216.71,2746,10.5.71.60,25,work@hightech.com,1087@hightech.com,[ALARM:468]HOST_5XX4c02bed2518fe5aee581124932135e94
2017/11/25 15:16,smtp,10.116.216.71,3738,10.5.71.60,25,work@hightech.com,1092@hightech.com,[ALARM:988]HOST_5XX7fbd1c3de59399a68160ec309b25bc04
2017/11/25 15:17,smtp,10.116.216.71,3241,10.5.71.60,25,work@hightech.com,1092@hightech.com,[ALARM:751]HOST_5XX94a4f89f3f34865732718247abcacf68
2017/11/25 15:20,smtp,10.116.216.71,2744,10.5.71.60,25,work@hightech.com,1092@hightech.com,[RECOVER:144]HOST_5XXe58b6fb92d1d5136c90f0f2d0f6d9e20
2017/11/25 15:22,smtp,10.116.216.71,2727,10.5.71.60,25,work@hightech.com,1092@hightech.com,[RECOVER:201]HOST_5XX36ad2779bcd2f20f50edcdd3e15138fc
2017/11/25 15:26,smtp,10.116.216.71,3285,10.5.71.60,25,work@hightech.com,1092@hightech.com,[RECOVER:158]HOST_5XX56e422f39b3f5476db200ad5ee73525f
2017/11/25 15:34,smtp,111.202.126.72,2286,10.5.71.60,25,5d4117a21f17f32d3a755ef1a8aafc9d@sohu.com,1499@hightech.com,Information Including Photos and Forms
2017/11/25 15:37,smtp,14.17.32.47,3356,10.5.71.60,25,85887ef701059277510779f3076dc5be@foxmail.com,1118@hightech.com,Personal Resume
2017/11/25 15:37,smtp,10.116.216.71,2889,10.5.71.60,25,work@hightech.com,1092@hightech.com,[RECOVER:1447]HOST_5XX36320895a25ec736a8263c3a1afb21fe
2017/11/25 15:39,smtp,125.112.225.185,56302,10.5.71.60,25,88f4a058944f16e9c877141d12b03e49@qq.com,1058@hightech.com,00000[澳T新葡京--38元t苞已槟添加--t包大@@：2730418114-rr9.88涑TI工Y]信用卡还款提醒
2017/11/25 15:42,smtp,10.64.105.231,2895,10.5.71.60,25,1213@hightech.com,1041@hightech.com;1368@hightech.com;1347@hightech.com;1255@hightech.com;1248@hightech.com;1327@hightech.com;1439@hightech.com;1137@hightech.com;1370@hightech.com;1467@hightech.com;1226@hightech.com;1369@hightech.com;1186@hightech.com;1451@hightech.com;1124@hightech.com;1431@hightech.com;1293@hightech.com;1253@hightech.com;1342@hightech.com;1498@hightech.com;1108@hightech.com;1180@hightech.com;1346@hightech.com,Funding
2017/11/25 15:42,smtp,10.116.216.71,2714,10.5.71.60,25,work@hightech.com,1087@hightech.com,[ALARM:128]HOST_5XX9e627c5e03906b3eeaaff458bcb0021a
2017/11/25 15:45,smtp,10.116.216.71,2901,10.5.71.60,25,work@hightech.com,1087@hightech.com,[RECOVER:255]HOST_5XXe1e55c2c511a4b23d2f5ad0c336b5c9c
2017/11/25 15:47,smtp,10.116.216.71,2844,10.5.71.60,25,work@hightech.com,1087@hightech.com,[RECOVER:1270]HOST_5XX9c5681822a54ae6081661de26d21cad5
2017/11/25 15:48,smtp,10.116.216.73,3730,10.5.71.60,25,smail@hightech.com,1060@hightech.com;1098@hightech.com;1100@hightech.com;1154@hightech.com;1191@hightech.com;1207@hightech.com;1209@hightech.com,Security Mail Crash
2017/11/25 15:53,smtp,10.116.216.71,3235,10.5.71.60,25,work@hightech.com,1092@hightech.com,[ALARM:529]HOST_5XX4fda3889f2f4ad6eeca4c44b4689238a
2017/11/25 15:59,smtp,10.116.216.72,2875,10.5.71.60,25,ti@hightech.net,1060@hightech.com,Internet Asset Monitoring and Alarm
2017/11/25 15:59,smtp,10.116.216.71,2213,10.5.71.60,25,work@hightech.com,1092@hightech.com,[RECOVER:497]HOST_5XX38f40816cc3a52bcd003ff770e5b3108
2017/11/25 16:01,smtp,10.116.216.72,2504,10.5.71.60,25,ti@hightech.net,1060@hightech.com,Internet Asset Monitoring and Alarm
2017/11/25 16:02,smtp,10.116.216.71,2820,10.5.71.60,25,work@hightech.com,1092@hightech.com,[ALARM:87]HOST_5XX4e857c94d883b0438ca065c7af5ac50f
2017/11/25 16:04,smtp,60.182.126.242,56953,10.5.71.60,25,7374c78cdd0edf706d3ca0a72c07e946@qq.com,1154@hightech.com,江久畅【t已派送到您的~簦｜]约此38｜群：252647499｜澳T新葡京｜｜添加@@：778684162I取】钱榕
2017/11/25 16:05,smtp,10.116.216.71,3737,10.5.71.60,25,work@hightech.com,1087@hightech.com,[ALARM:2]HOST_5XX091ec3b6a8af14436855df3ea2afa370
2017/11/25 16:11,smtp,10.116.216.73,2191,10.5.71.60,25,smail@hightech.com,1060@hightech.com;1098@hightech.com;1100@hightech.com;1154@hightech.com;1191@hightech.com;1207@hightech.com;1209@hightech.com,Security Mail Crash
2017/11/25 16:13,smtp,10.116.216.72,3739,10.5.71.60,25,ti@hightech.net,1060@hightech.com,Internet Asset Monitoring and Alarm
2017/11/25 16:13,smtp,10.64.105.15,2624,10.5.71.60,25,1253@hightech.com,1041@hightech.com;1368@hightech.com;1347@hightech.com;1255@hightech.com;1248@hightech.com;1327@hightech.com;1439@hightech.com;1137@hightech.com;1370@hightech.com;1467@hightech.com;1226@hightech.com;1369@hightech.com;1186@hightech.com;1213@hightech.com;1451@hightech.com;1124@hightech.com;1431@hightech.com;1293@hightech.com;1342@hightech.com;1498@hightech.com;1108@hightech.com;1180@hightech.com;1346@hightech.com,Financial Analysis
2017/11/25 16:16,smtp,10.64.105.234,3206,10.5.71.60,25,1396@hightech.com,1060@hightech.com,Project Report
2017/11/25 16:19,smtp,10.116.216.73,3428,10.5.71.60,25,smail@hightech.com,1060@hightech.com;1098@hightech.com;1100@hightech.com;1154@hightech.com;1191@hightech.com;1207@hightech.com;1209@hightech.com,Security Mail Crash
2017/11/25 16:20,smtp,10.64.105.29,2838,10.5.71.60,25,1451@hightech.com,1041@hightech.com;1368@hightech.com;1347@hightech.com;1255@hightech.com;1248@hightech.com;1327@hightech.com;1439@hightech.com;1137@hightech.com;1370@hightech.com;1467@hightech.com;1226@hightech.com;1369@hightech.com;1186@hightech.com;1213@hightech.com;1124@hightech.com;1431@hightech.com;1293@hightech.com;1253@hightech.com;1342@hightech.com;1498@hightech.com;1108@hightech.com;1180@hightech.com;1346@hightech.com,Taxation
2017/11/25 16:20,smtp,10.116.216.71,2208,10.5.71.60,25,work@hightech.com,1092@hightech.com,[ALARM:790]HOST_5XX5d7345caa7043604442586ae237b59e2
2017/11/25 16:21,smtp,10.116.216.71,2745,10.5.71.60,25,work@hightech.com,1087@hightech.com,[RECOVER:291]HOST_5XXd21f955505323cdddaaa444d23257866
2017/11/25 16:22,smtp,10.116.216.71,2381,10.5.71.60,25,work@hightech.com,1087@hightech.com,[ALARM:56]HOST_5XXa3bce24dce0d2a2acb70dc6280d24fc5
2017/11/25 16:25,smtp,10.64.106.30,3243,10.5.71.60,25,1137@hightech.com,1494@hightech.com,Financial Reporting
2017/11/25 16:25,smtp,10.64.106.29,3729,10.5.71.60,25,1433@hightech.com,a9dab052d8e86f024535a4ef8cdde70b@foxmail.com,"Recruitment Notice(Please reply to the email If you accept, thanks! )"
2017/11/25 16:29,smtp,10.116.216.71,3730,10.5.71.60,25,work@hightech.com,1087@hightech.com,[RECOVER:1314]HOST_5XX7fbd1c3de59399a68160ec309b25bc04
2017/11/25 16:32,smtp,180.116.214.140,63663,10.5.71.60,25,93134c0885f3254ae4ab92bb679ddbe2@qq.com,1125@hightech.com,栽植沟●澳T新葡京-]运38-I取@@：778684162群：252647499-［F板精寿Y料］●事件表
2017/11/25 16:32,smtp,10.116.216.71,2778,10.5.71.60,25,work@hightech.com,1087@hightech.com,[RECOVER:1011]HOST_5XX557418d06f67c6b51625320ccb7c3c47
2017/11/25 16:33,smtp,10.116.216.71,2714,10.5.71.60,25,work@hightech.com,1087@hightech.com,[RECOVER:1082]HOST_5XX63ab8c1b75d6aced5b2c9ba7b8b8f6b9
2017/11/25 16:33,smtp,10.116.216.71,3208,10.5.71.60,25,work@hightech.com,1087@hightech.com,[ALARM:564]HOST_5XXbd7c3e88bad2d9e01d545940448d1783
2017/11/25 16:35,smtp,10.116.216.71,3364,10.5.71.60,25,work@hightech.com,1087@hightech.com,[RECOVER:491]HOST_5XX33293638744040374bd0bd48856eb318
2017/11/25 16:36,smtp,10.64.105.81,3131,10.5.71.60,25,1327@hightech.com,1041@hightech.com;1368@hightech.com;1347@hightech.com;1255@hightech.com;1248@hightech.com;1439@hightech.com;1137@hightech.com;1370@hightech.com;1467@hightech.com;1226@hightech.com;1369@hightech.com;1186@hightech.com;1213@hightech.com;1451@hightech.com;1124@hightech.com;1431@hightech.com;1293@hightech.com;1253@hightech.com;1342@hightech.com;1498@hightech.com;1108@hightech.com;1180@hightech.com;1346@hightech.com,Cost Control
2017/11/25 16:39,smtp,10.64.105.43,3076,10.5.71.60,25,1124@hightech.com,1041@hightech.com,Work Report
2017/11/25 16:41,smtp,10.116.216.71,3728,10.5.71.60,25,work@hightech.com,1087@hightech.com,[RECOVER:400]HOST_5XX6ca76a3bc7ccddb4dce694ad45e7e8d4
2017/11/25 16:42,smtp,10.116.216.71,2197,10.5.71.60,25,work@hightech.com,1087@hightech.com,[RECOVER:634]HOST_5XX1a81f35aea74e68d3e691f06178a9837
2017/11/25 16:45,smtp,10.116.216.72,3226,10.5.71.60,25,ti@hightech.net,1060@hightech.com,Internet Asset Monitoring and Alarm
2017/11/25 16:47,smtp,10.116.216.72,3387,10.5.71.60,25,ti@hightech.net,1060@hightech.com,Internet Asset Monitoring and Alarm
2017/11/25 16:49,smtp,10.64.106.8,3737,10.5.71.60,25,1312@hightech.com,1013@hightech.com;1104@hightech.com;1499@hightech.com;1371@hightech.com;1184@hightech.com;1251@hightech.com;1295@hightech.com;1433@hightech.com;1165@hightech.com;1300@hightech.com;1378@hightech.com;1473@hightech.com;1118@hightech.com;1363@hightech.com;1249@hightech.com;1110@hightech.com;1149@hightech.com,Performance Appraisal
2017/11/25 16:58,smtp,10.116.216.71,2960,10.5.71.60,25,work@hightech.com,1092@hightech.com,[RECOVER:758]HOST_5XXb98fd4184a8accd149786aa711569c2c
2017/11/25 16:59,smtp,219.142.78.230,2613,10.5.71.60,25,2754f0255a8288a1b8cdec089ab296ac@sina.com,1184@hightech.com,Personal Resume
2017/11/25 17:06,smtp,10.64.106.8,3773,10.5.71.60,25,1312@hightech.com,2060c757b36ab07b01fea812b23a223f@sina.com,"Recruitment Notice(Please reply to the email If you accept, thanks! )"
2017/11/25 17:07,smtp,125.112.225.185,53921,10.5.71.60,25,a394f36099f7a0cc91f0866db70b0fad@qq.com,1192@hightech.com,000000000000〈38元t苞已槟添加ˉt包大@@：778684162群：512137592ˉ期待您的加入ˉ澳T新葡京〉蔡勇caiyong
2017/11/25 17:13,smtp,10.116.216.71,2698,10.5.71.60,25,work@hightech.com,1087@hightech.com,[RECOVER:1069]HOST_5XXb724f9c9d942f629b40831dca954bec6
2017/11/25 17:14,smtp,10.116.216.71,3438,10.5.71.60,25,work@hightech.com,1087@hightech.com,[RECOVER:284]HOST_5XXef84dbd2665020cab34093efcb167437
2017/11/25 17:20,smtp,10.116.216.71,2276,10.5.71.60,25,work@hightech.com,1092@hightech.com,[RECOVER:1093]HOST_5XX7734b1c1e24cd712114bd689366f13c1
2017/11/25 17:21,smtp,14.17.32.47,3423,10.5.71.60,25,aedfa1ead007ebf058c9c478c4300b57@foxmail.com,1104@hightech.com,Personal Resume
2017/11/25 17:22,smtp,10.116.216.72,3233,10.5.71.60,25,ti@hightech.net,1060@hightech.com,Internet Asset Monitoring and Alarm
2017/11/25 17:24,smtp,10.64.105.8,3272,10.5.71.60,25,1108@hightech.com,1041@hightech.com;1368@hightech.com;1347@hightech.com;1255@hightech.com;1248@hightech.com;1327@hightech.com;1439@hightech.com;1137@hightech.com;1370@hightech.com;1467@hightech.com;1226@hightech.com;1369@hightech.com;1186@hightech.com;1213@hightech.com;1451@hightech.com;1124@hightech.com;1431@hightech.com;1293@hightech.com;1253@hightech.com;1342@hightech.com;1498@hightech.com;1180@hightech.com;1346@hightech.com,Accounting
2017/11/25 17:27,smtp,10.116.216.71,2614,10.5.71.60,25,work@hightech.com,1087@hightech.com,[ALARM:769]HOST_5XX660bb77285cf0a4b14e65677c9f72322
2017/11/25 17:30,smtp,10.116.216.71,3767,10.5.71.60,25,work@hightech.com,1087@hightech.com,[RECOVER:600]HOST_5XX7734b1c1e24cd712114bd689366f13c1
2017/11/25 17:32,smtp,10.116.216.71,3746,10.5.71.60,25,work@hightech.com,1092@hightech.com,[ALARM:67]HOST_5XX4e5017b78e733caca5a8e28a537605c0
2017/11/25 17:32,smtp,10.116.216.72,3428,10.5.71.60,25,ti@hightech.net,1060@hightech.com,Internet Asset Monitoring and Alarm
2017/11/25 17:34,smtp,10.116.216.72,2780,10.5.71.60,25,ti@hightech.net,1060@hightech.com,Internet Asset Monitoring and Alarm
2017/11/25 17:35,smtp,10.64.106.30,3218,10.5.71.60,25,1137@hightech.com,1149@hightech.com,Financial Reporting
2017/11/25 17:37,smtp,10.116.216.71,2714,10.5.71.60,25,work@hightech.com,1087@hightech.com,[RECOVER:1026]HOST_5XXff1a92e9c4788a4a976f3b8c4bf6ed8c
2017/11/25 17:39,smtp,10.116.216.71,2899,10.5.71.60,25,work@hightech.com,1092@hightech.com,[ALARM:315]HOST_5XX9fa0c8ab186cb2d90b420a9ec310b00a
2017/11/25 17:43,smtp,10.116.216.72,2748,10.5.71.60,25,ti@hightech.net,1060@hightech.com,Internet Asset Monitoring and Alarm
2017/11/25 17:45,smtp,10.116.216.71,2899,10.5.71.60,25,work@hightech.com,1087@hightech.com,[ALARM:520]HOST_5XX1a11678e7b8e15b0d84474c845cc0847
2017/11/25 17:46,smtp,10.116.216.72,2764,10.5.71.60,25,ti@hightech.net,1060@hightech.com,Internet Asset Monitoring and Alarm
2017/11/25 17:48,smtp,222.189.244.116,57294,10.5.71.60,25,71eb712d9ca1aefd7677e78f52571741@qq.com,1228@hightech.com,世态炎凉新葡京●116498ccom【t已派l-添加@@：778684162群：512137592--F板精寿Y料-六盒49倍】米宜
2017/11/25 17:51,smtp,10.64.105.48,2764,10.5.71.60,25,1153@hightech.com,1209@hightech.com,Recent Work Summary
2017/11/25 17:53,smtp,10.116.216.72,3757,10.5.71.60,25,ti@hightech.net,1060@hightech.com,Internet Asset Monitoring and Alarm
2017/11/25 17:56,smtp,10.116.216.73,3141,10.5.71.60,25,smail@hightech.com,1060@hightech.com;1098@hightech.com;1100@hightech.com;1154@hightech.com;1191@hightech.com;1207@hightech.com;1209@hightech.com,Security Mail Crash
2017/11/25 18:01,smtp,10.116.216.71,2991,10.5.71.60,25,work@hightech.com,1087@hightech.com,[ALARM:1644]HOST_5XX86f5ba7c4d75d6516bd1867f1a88f98e
2017/11/25 18:03,smtp,118.192.64.194,37442,10.5.71.60,25,aaabf0d39951f3e6c3e8a7911df524c2@mail7.lietou-edm.com,1079@hightech.com,[Sales Manager/Director_Urumqi] Shi JIanjun_Candidates from liepin.com
2017/11/25 18:06,smtp,14.17.32.47,3358,10.5.71.60,25,84aaedacd4d2cb0a0e54f08f2f3710d2@foxmail.com,1110@hightech.com,Personal Information
2017/11/25 18:08,smtp,10.116.216.71,2614,10.5.71.60,25,work@hightech.com,1092@hightech.com,[RECOVER:1351]HOST_5XX5e01f2febd50ccbbc3045287d8f118ee
2017/11/25 18:11,smtp,10.64.106.8,3738,10.5.71.60,25,1312@hightech.com,1013@hightech.com,Work Report
2017/11/25 18:18,smtp,10.116.216.71,2975,10.5.71.60,25,work@hightech.com,1092@hightech.com,[RECOVER:320]HOST_5XX87f67b552b020e843dbc50bc8600ac44
2017/11/25 18:18,smtp,10.116.216.71,3430,10.5.71.60,25,work@hightech.com,1087@hightech.com,[RECOVER:1157]HOST_5XXd2aa6876540499f782f35ce6c4e54e57
2017/11/25 18:18,smtp,10.116.216.71,3356,10.5.71.60,25,work@hightech.com,1092@hightech.com,[RECOVER:322]HOST_5XX96aaeeb7d85b6c5f91dd01233c5ea43f
2017/11/25 18:29,smtp,10.116.216.71,2748,10.5.71.60,25,work@hightech.com,1087@hightech.com,[RECOVER:1298]HOST_5XXe6b2ac65cac46a13070ae1314bbef049
2017/11/25 18:33,smtp,10.64.105.234,3222,10.5.71.60,25,1396@hightech.com,1060@hightech.com,Summary
2017/11/25 18:36,smtp,10.116.216.71,3256,10.5.71.60,25,work@hightech.com,1092@hightech.com,[RECOVER:35]HOST_5XXba677ab95bb5f600d45c5a5e3fe92728
2017/11/25 18:39,smtp,111.202.126.72,3735,10.5.71.60,25,dd6618d16194bd380f8f1cb31d17f0b8@sohu.com,1295@hightech.com,Personal Resume
2017/11/25 18:41,smtp,10.116.216.72,3743,10.5.71.60,25,ti@hightech.net,1060@hightech.com,Internet Asset Monitoring and Alarm
2017/11/25 18:42,smtp,10.116.216.73,2833,10.5.71.60,25,smail@hightech.com,1060@hightech.com;1098@hightech.com;1100@hightech.com;1154@hightech.com;1191@hightech.com;1207@hightech.com;1209@hightech.com,Security Mail Crash
2017/11/25 18:42,smtp,204.79.197.203,4323,10.5.71.60,25,liming@msn.com,1487@hightech.com, 3 HRs have viewed your resume
2017/11/25 18:44,smtp,10.64.105.246,3222,10.5.71.60,25,1381@hightech.com,1143@hightech.com;1434@hightech.com;1380@hightech.com;1438@hightech.com;1367@hightech.com;1355@hightech.com;1279@hightech.com;1163@hightech.com;1324@hightech.com;1304@hightech.com;1217@hightech.com,Deployment Document
2017/11/25 18:52,smtp,10.64.106.7,3416,10.5.71.60,25,1378@hightech.com,980a7633119620bd835ccdde028f0c74@sina.com,Offer
2017/11/25 18:53,smtp,10.64.105.104,3367,10.5.71.60,25,1197@hightech.com,1199@hightech.com;1348@hightech.com;1391@hightech.com;1278@hightech.com;1486@hightech.com,Special Field Description
2017/11/25 18:56,smtp,10.64.105.217,2383,10.5.71.60,25,1172@hightech.com,1132@hightech.com;1490@hightech.com;1246@hightech.com;1466@hightech.com;1475@hightech.com;1314@hightech.com;1397@hightech.com;1436@hightech.com;1480@hightech.com;1257@hightech.com;1345@hightech.com;1477@hightech.com,"Project Plan, Problem, Risk"
2017/11/25 18:59,smtp,10.116.216.72,3741,10.5.71.60,25,ti@hightech.net,1060@hightech.com,Internet Asset Monitoring and Alarm
2017/11/25 19:03,smtp,10.116.216.71,2743,10.5.71.60,25,work@hightech.com,1092@hightech.com,[ALARM:338]HOST_5XX1149cfff5b8902d48927ab23312d57ce
2017/11/25 19:07,smtp,10.64.106.7,3420,10.5.71.60,25,1378@hightech.com,f79b875f27207c9f264e256138a5a564@sina.com,Offer
2017/11/25 19:11,smtp,125.112.226.59,62278,10.5.71.60,25,4f9bafbdbb07f679b3f8e6f8c6ba083f@qq.com,1228@hightech.com,000＜澳T新葡京116498ccom｜群：512137592｜@@：778741365｜六盒49洌aq王红阳wanghongyang
2017/11/25 19:28,smtp,10.116.216.72,2748,10.5.71.60,25,ti@hightech.net,1060@hightech.com,Internet Asset Monitoring and Alarm
2017/11/25 19:39,smtp,10.64.105.104,3371,10.5.71.60,25,1197@hightech.com,1199@hightech.com;1348@hightech.com;1391@hightech.com;1278@hightech.com;1486@hightech.com,Software Development Document
2017/11/25 19:49,smtp,10.116.216.71,2697,10.5.71.60,25,work@hightech.com,1092@hightech.com,[ALARM:788]HOST_5XX07108b69695718f63582468fcdbe2a15
2017/11/25 20:13,smtp,10.116.216.71,3754,10.5.71.60,25,work@hightech.com,1092@hightech.com,[RECOVER:1501]HOST_5XXf62204d5e5a86209501ded33025cabdf
2017/11/25 20:38,smtp,10.64.105.246,3228,10.5.71.60,25,1381@hightech.com,1143@hightech.com;1434@hightech.com;1380@hightech.com;1438@hightech.com;1367@hightech.com;1355@hightech.com;1279@hightech.com;1163@hightech.com;1324@hightech.com;1304@hightech.com;1217@hightech.com,Detailed Design of the Search
